id_r,trait_obs,pht,dhe,dma,precyr,tmaxyr,tminyr,petyr,ariyr
1,1,100,134,180,302,17.51,5.36,1050.5,0.287
2,0,93,130,167,302,17.51,5.36,1050.5,0.287
3,1,95,134,179,302,17.51,5.36,1050.5,0.287
4,1,105,134,176,302,17.51,5.36,1050.5,0.287
5,1,112,132,171,302,17.51,5.36,1050.5,0.287
6,1,106,133,168,302,17.51,5.36,1050.5,0.287
7,1,102,130,164,302,17.51,5.36,1050.5,0.287
8,1,115,138,179,302,17.51,5.36,1050.5,0.287
9,0,90,NA,215,78.36,18.11,3.91,1123.7,0.07
10,0,98,NA,206,220.87,8.46,-5.94,807.73,0.273
11,1,110,124,158,446.26,22.32,12.97,1175.6,0.38
12,1,109,123,159,446.26,22.32,12.97,1175.6,0.38
13,1,92,124,157,446.26,22.32,12.97,1175.6,0.38
14,1,101,123,157,446.26,22.32,12.97,1175.6,0.38
15,1,135,128,172,152.71,23.59,10.7,1404.5,0.109
16,1,115,133,175,152.71,23.59,10.7,1404.5,0.109
17,1,125,132,170,152.71,23.59,10.7,1404.5,0.109
18,1,120,128,172,152.71,23.59,10.7,1404.5,0.109
19,1,115,130,176,187.52,23.02,9.9,1390.7,0.135
20,0,110,133,176,187.52,23.02,9.9,1390.7,0.135
21,0,115,134,175,187.52,23.02,9.9,1390.7,0.135
22,1,130,128,175,187.52,23.02,9.9,1390.7,0.135
23,0,120,132,168,187.52,23.02,9.9,1390.7,0.135
24,0,125,132,172,187.52,23.02,9.9,1390.7,0.135
25,0,110,128,172,187.52,23.02,9.9,1390.7,0.135
26,0,110,134,176,187.52,23.02,9.9,1390.7,0.135
27,0,115,128,175,187.52,23.02,9.9,1390.7,0.135
28,1,115,133,176,187.52,23.02,9.9,1390.7,0.135
29,1,130,128,172,187.52,23.02,9.9,1390.7,0.135
30,0,120,128,175,187.52,23.02,9.9,1390.7,0.135
31,1,135,128,172,187.52,23.02,9.9,1390.7,0.135
32,1,115,127,172,122.18,26.06,14.29,1399.7,0.087
33,0,110,128,173,122.18,26.06,14.29,1399.7,0.087
34,1,120,128,172,122.18,26.06,14.29,1399.7,0.087
35,1,115,129,175,122.18,26.06,14.29,1399.7,0.087
36,0,115,130,179,122.18,26.06,14.29,1399.7,0.087
37,0,115,128,176,122.18,26.06,14.29,1399.7,0.087
38,1,105,128,172,122.18,26.06,14.29,1399.7,0.087
39,1,110,114,165,126.82,26.01,14.31,1392.2,0.091
40,1,110,119,163,126.82,26.01,14.31,1392.2,0.091
41,1,105,114,163,126.82,26.01,14.31,1392.2,0.091
42,1,105,119,165,126.82,26.01,14.31,1392.2,0.091
43,1,110,114,165,126.82,26.01,14.31,1392.2,0.091
44,1,115,112,163,126.82,26.01,14.31,1392.2,0.091
45,1,115,112,163,126.82,26.01,14.31,1392.2,0.091
46,1,115,114,163,126.82,26.01,14.31,1392.2,0.091
47,1,115,114,163,126.82,26.01,14.31,1392.2,0.091
48,1,115,114,163,126.82,26.01,14.31,1392.2,0.091
49,1,105,114,163,126.82,26.01,14.31,1392.2,0.091
50,1,110,119,163,126.82,26.01,14.31,1392.2,0.091
51,1,115,119,163,126.82,26.01,14.31,1392.2,0.091
52,0,110,120,165,126.82,26.01,14.31,1392.2,0.091
53,0,115,120,163,126.82,26.01,14.31,1392.2,0.091
54,1,110,119,165,126.82,26.01,14.31,1392.2,0.091
55,0,105,114,165,137,25.66,14.04,1370.7,0.1
56,0,120,114,165,137,25.66,14.04,1370.7,0.1
57,1,105,114,163,137,25.66,14.04,1370.7,0.1
58,1,110,114,163,137,25.66,14.04,1370.7,0.1
59,0,120,127,170,137,25.66,14.04,1370.7,0.1
60,0,120,126,170,137,25.66,14.04,1370.7,0.1
61,0,115,114,163,137,25.66,14.04,1370.7,0.1
62,1,115,114,165,137,25.66,14.04,1370.7,0.1
63,1,110,114,163,137,25.66,14.04,1370.7,0.1
64,0,90,121,163,42.07,28.76,13.78,1783,0.024
65,1,110,128,173,143,25.52,13.89,1364.1,0.105
66,0,90,120,161,143,25.52,13.89,1364.1,0.105
67,1,107,126,161,307.52,21.1,8.55,1273,0.242
68,0,110,125,162,307.52,21.1,8.55,1273,0.242
69,1,105,126,162,307.52,21.1,8.55,1273,0.242
70,1,110,129,170,339.91,20.95,7.99,1292.9,0.263
71,0,90,120,163,377.38,21.05,8.29,1281.3,0.295
72,0,103,167,192,242.06,23.87,11.82,1316.7,0.184
73,0,118,164,200,242.06,23.87,11.82,1316.7,0.184
74,0,110,120,165,242.06,23.87,11.82,1316.7,0.184
75,0,90,121,163,387.27,22.56,11.8,1242.7,0.312
76,0,115,132,170,61.31,28.07,14.64,1723.4,0.036
77,1,110,128,172,437.78,21.75,10.72,1226.8,0.357
78,1,110,132,172,430.45,21.26,10.24,1217,0.354
79,0,80,121,161,53.46,28.08,14.64,1747,0.031
80,1,115,114,153,357.44,23.1,13.63,1200.3,0.298
81,0,97,123,157,357.44,23.1,13.63,1200.3,0.298
82,1,116,112,153,357.44,23.1,13.63,1200.3,0.298
83,1,110,110,153,357.44,23.1,13.63,1200.3,0.298
84,0,102,114,160,357.44,23.1,13.63,1200.3,0.298
85,0,102,124,159,357.44,23.1,13.63,1200.3,0.298
86,1,110,123,159,357.44,23.1,13.63,1200.3,0.298
87,0,110,124,158,357.44,23.1,13.63,1200.3,0.298
88,0,115,129,172,357.44,23.1,13.63,1200.3,0.298
89,0,100,124,158,357.44,23.1,13.63,1200.3,0.298
90,1,115,132,175,406,22.39,12.46,1185.3,0.343
91,1,109,116,156,469.9,21.47,9.27,1304.4,0.36
92,1,108,124,159,271.69,22.93,11.72,1275.9,0.213
93,1,106,126,163,302.91,21.44,7.68,1351.4,0.224
94,0,133,164,206,602.61,22.03,12.34,1243.3,0.485
95,1,67,116,152,848.93,21.82,14.48,1096.6,0.774
96,0,85,121,163,848.93,21.82,14.48,1096.6,0.774
97,1,90,110,151,596.07,22.07,12.12,1252.1,0.476
98,0,111,156,192,639.06,20.81,9.43,1243.3,0.514
99,0,113,156,192,639.06,20.81,9.43,1243.3,0.514
100,0,105,129,170,280.82,22,9.39,1321.1,0.213
101,1,98,124,158,233.96,23.33,8.08,1495.6,0.156
102,1,105,129,172,128.03,24.94,10.01,1572.5,0.081
103,1,110,123,156,128.03,24.94,10.01,1572.5,0.081
104,0,138,173,206,181.04,28.81,12.89,1815.5,0.1
105,1,106,123,156,181.04,28.81,12.89,1815.5,0.1
106,1,111,124,160,486.85,22.17,8.09,1388.2,0.351
107,1,107,123,157,403.2,22.38,11.13,1242.9,0.324
108,1,106,123,157,428.51,22.08,10.63,1214.8,0.353
109,1,115,122,162,399,22.42,11.68,1236,0.323
110,0,148,173,206,362.13,21.84,8.78,1315.1,0.275
111,1,110,122,154,13,28.29,14.63,1715.9,0.008
112,0,128,156,192,181,27.08,15.68,1532.9,0.118
113,1,138,164,200,179.39,26.9,15.24,1532.6,0.117
114,1,85,121,168,179.39,26.9,15.24,1532.6,0.117
115,1,90,114,157,103,27.05,15.55,1612.4,0.064
116,0,80,114,161,141.12,23.94,14.55,1637.2,0.086
117,0,113,156,200,151,27.07,15.65,1559,0.097
118,0,118,156,192,118,27.07,15.19,1612.9,0.073
119,0,75,114,161,118,27.07,15.19,1612.9,0.073
120,0,128,156,200,109.04,25.11,14.35,1554,0.07
121,1,82,110,151,5,29.52,13.84,2139.4,0.002
122,0,79,110,150,5,29.52,13.84,2139.4,0.002
123,0,95,110,151,5,29.52,13.84,2139.4,0.002
124,0,101,114,152,109.07,25.11,14.33,1551.4,0.07
125,0,98,114,154,5,29.58,13.88,2144.7,0.002
126,0,95,122,165,616.7,28.83,12.05,1737,0.355
127,1,100,114,165,1246.2,22.37,8.83,1241.7,1.004
128,0,125,129,172,1246.2,22.37,8.83,1241.7,1.004
129,1,110,126,170,1386.3,19.62,6.66,1146.1,1.21
130,1,110,132,175,1386.3,19.62,6.66,1146.1,1.21
131,1,90,122,165,1195.7,20.91,8,1240.4,0.964
132,0,95,122,175,1195.7,20.91,8,1240.4,0.964
133,0,95,127,168,985.18,21.9,7.91,1266.8,0.778
134,1,95,121,163,805.12,27.26,13.23,1411.1,0.571
135,0,100,123,172,1246.2,22.37,8.83,1241.7,1.004
136,1,105,125,165,1246.2,22.37,8.83,1241.7,1.004
137,1,85,122,168,1246.2,22.37,8.83,1241.7,1.004
138,1,120,128,168,1250.3,27.65,13.28,1521.8,0.822
139,1,115,129,172,1246.2,22.37,8.83,1241.7,1.004
140,0,95,121,166,1230,22.29,9.05,1253.7,0.981
141,0,100,121,168,873.16,26.32,12.07,1441.1,0.606
142,1,105,125,172,872.74,22.91,7.36,1325.2,0.659
143,0,85,114,165,630.62,28.1,12.22,1687.9,0.374
144,0,115,128,170,615.65,23.23,7.71,1540.9,0.4
145,0,123,167,206,629.41,22.59,6.89,1503.7,0.419
146,0,95,127,168,629.41,22.59,6.89,1503.7,0.419
147,0,90,122,168,627.96,27.6,11.24,1689.5,0.372
148,0,80,122,165,627.96,27.6,11.24,1689.5,0.372
149,0,90,121,163,584.11,26.57,10.82,1664.2,0.351
150,0,95,123,166,584.11,26.57,10.82,1664.2,0.351
151,0,85,123,166,582.55,26.78,11.03,1667.2,0.349
152,0,90,121,165,622.4,26.53,10.21,1659.5,0.375
153,0,90,122,166,624.64,27.39,10.93,1686.5,0.37
154,0,90,122,163,597.02,26.2,10.87,1628.9,0.367
155,1,95,125,166,665.03,25.03,9.79,1574.1,0.422
156,0,80,120,166,884.03,27.02,12.74,1493.5,0.592
157,1,90,120,165,997.51,20.15,4.75,1295.1,0.77
158,0,85,120,168,673.97,25.37,10.36,1561.8,0.432
159,1,85,122,168,654.48,25.47,10.52,1579.5,0.414
160,1,90,121,168,654.48,25.47,10.52,1579.5,0.414
161,0,85,121,163,638.7,25.82,10.92,1593.7,0.401
162,0,113,147,192,620.19,27.03,12.17,1627.6,0.381
163,0,85,126,163,620.19,27.03,12.17,1627.6,0.381
164,0,80,121,161,612.43,27.6,12.73,1648.9,0.371
165,0,80,122,165,636.29,25.36,10.38,1585.5,0.401
166,0,90,121,163,714.84,24.41,9.02,1530.3,0.467
167,0,85,121,161,627,25.34,10.35,1587.5,0.395
168,1,90,120,157,599.07,26.81,11.92,1635.4,0.366
169,1,95,126,166,695.53,23.69,8.27,1523.7,0.456
170,1,110,133,179,942.32,22.76,8.07,1334.5,0.706
171,1,115,131,175,942.32,22.76,8.07,1334.5,0.706
172,1,110,132,172,942.32,22.76,8.07,1334.5,0.706
173,1,100,125,165,947.98,23.16,8.25,1290,0.735
174,1,95,126,170,947.98,23.16,8.25,1290,0.735
175,1,95,123,166,1227.6,21.38,8.09,1223.1,1.004
176,1,95,127,172,1227.6,21.38,8.09,1223.1,1.004
177,1,85,125,165,1236.8,20.85,7.63,1191,1.038
178,1,90,126,166,1236.8,20.85,7.63,1191,1.038
179,1,80,122,168,1233.9,22.4,9.02,1250.6,0.987
180,1,110,129,172,1233.9,22.4,9.02,1250.6,0.987
181,1,90,127,165,1282.8,18.63,5.76,1158,1.108
182,0,80,114,161,1253.9,19.31,6.44,1185.7,1.058
183,0,90,112,161,1253.9,19.31,6.44,1185.7,1.058
184,0,120,130,170,1207.1,20.62,7.76,1231.7,0.98
185,0,110,129,170,1207.1,20.62,7.76,1231.7,0.98
186,1,90,122,163,1254.7,21.73,8.58,1242.8,1.01
187,1,95,123,163,1254.7,21.73,8.58,1242.8,1.01
188,1,85,125,165,1254.7,21.73,8.58,1242.8,1.01
189,1,90,125,165,1245.1,22.02,8.82,1275.8,0.976
190,0,110,129,168,1373.3,19.83,6.85,1158.9,1.185
191,0,106,164,192,1086.1,24.78,11.15,1387.4,0.783
192,1,95,125,165,1172,17.83,4.68,1084.2,1.081
193,0,128,173,206,143.12,21.55,9.34,1469.5,0.097
194,1,108,147,192,663.83,32.3,18.83,1688.5,0.393
195,1,123,147,192,663.83,32.3,18.83,1688.5,0.393
196,0,97,110,150,663.83,32.3,18.83,1688.5,0.393
197,1,127,156,200,663.83,32.3,18.83,1688.5,0.393
198,1,123,147,192,663.83,32.3,18.83,1688.5,0.393
199,1,107,110,150,663.83,32.3,18.83,1688.5,0.393
200,1,90,110,152,663.83,32.3,18.83,1688.5,0.393
201,1,120,147,200,663.83,32.3,18.83,1688.5,0.393
202,1,109,114,152,663.83,32.3,18.83,1688.5,0.393
203,0,105,110,151,663.83,32.3,18.83,1688.5,0.393
204,1,130,156,200,663.83,32.3,18.83,1688.5,0.393
205,0,105,120,165,595,31.96,18.07,1654.3,0.36
206,0,100,122,157,145.93,25.87,9.61,1872,0.078
207,1,110,135,176,134.18,26.02,11.23,1796,0.075
208,0,110,114,161,188,22.51,9,1443.5,0.13
209,0,125,116,157,135.01,22.16,8.23,1586.1,0.085
210,0,128,116,157,135.01,22.16,8.23,1586.1,0.085
211,0,127,116,157,105.51,26.41,11.39,1833.2,0.058
212,0,123,122,158,105.51,26.41,11.39,1833.2,0.058
213,0,88,121,157,115,23.15,8.99,1623.9,0.071
214,0,115,116,158,115,23.15,8.99,1623.9,0.071
215,0,120,121,158,74,27.23,10.98,1920.5,0.039
216,0,92,124,160,74,27.23,10.98,1920.5,0.039
217,0,120,121,159,80.56,26.58,11.83,1875.3,0.043
218,0,111,123,160,100,23.65,8.52,1676,0.06
219,0,123,122,157,100,23.65,8.52,1676,0.06
220,0,122,122,162,100,23.65,8.52,1676,0.06
221,0,120,123,160,100,23.65,8.52,1676,0.06
222,0,86,116,151,347.76,25.81,10,1610.7,0.216
223,0,87,110,150,347.76,25.81,10,1610.7,0.216
224,1,85,126,170,333,24.84,7.84,1605.4,0.207
225,1,90,120,168,333,24.84,7.84,1605.4,0.207
226,0,110,126,168,333,24.84,7.84,1605.4,0.207
227,0,116,116,155,333,24.84,7.84,1605.4,0.207
228,0,100,122,168,333,24.84,7.84,1605.4,0.207
229,1,100,116,155,333,24.84,7.84,1605.4,0.207
230,0,114,123,155,333,24.84,7.84,1605.4,0.207
231,1,85,133,179,333,24.84,7.84,1605.4,0.207
232,0,90,124,160,333,24.84,7.84,1605.4,0.207
233,0,110,124,160,177.83,24.78,10.36,1640.7,0.108
234,0,125,116,156,180.24,22.61,6.87,1554.8,0.116
235,0,120,116,156,196.21,22.4,6.54,1532.2,0.128
236,0,110,116,165,196.21,22.4,6.54,1532.2,0.128
237,0,114,121,158,243,21.04,5.15,1449.5,0.168
238,0,105,122,156,248.66,20.88,4.98,1425.6,0.174
239,0,107,122,158,253,20.69,4.8,1412.5,0.179
240,0,102,116,157,303,20.21,5.89,1357.3,0.223
241,0,112,121,156,303,20.21,5.89,1357.3,0.223
242,0,90,116,159,303,20.21,5.89,1357.3,0.223
243,0,117,122,156,303,20.21,5.89,1357.3,0.223
244,0,118,122,156,413.52,20.87,6.11,1408,0.294
245,0,106,134,171,411.33,20.31,5.71,1380.8,0.298
246,0,112,116,155,273,20.92,6.5,1381.7,0.198
247,0,117,122,155,274.3,20.17,6.03,1351.9,0.203
248,0,105,134,179,316.71,19.82,5.5,1363.3,0.232
249,0,105,125,167,316.71,19.82,5.5,1363.3,0.232
250,0,93,114,153,181,24.01,9.82,1557.6,0.116
251,0,103,116,153,181,24.01,9.82,1557.6,0.116
252,0,109,132,167,411.14,19.09,5.22,1386.1,0.297
253,0,110,140,181,411.14,19.09,5.22,1386.1,0.297
254,0,106,125,168,366.91,19.43,4.84,1367.4,0.268
255,0,119,122,167,366.91,19.43,4.84,1367.4,0.268
256,0,115,130,168,360,19.37,4.82,1370.5,0.263
257,0,113,130,166,360,19.37,4.82,1370.5,0.263
258,0,114,124,158,366.91,19.43,4.84,1367.4,0.268
259,1,103,123,156,357.15,18.37,3.53,1251.1,0.285
260,0,110,123,157,357.15,18.37,3.53,1251.1,0.285
261,1,77,125,162,161,25.49,10.84,1651.2,0.098
262,0,106,116,159,161,25.49,10.84,1651.2,0.098
263,0,100,123,156,401.63,17.51,3.46,1190.6,0.337
264,0,105,121,155,310.88,19.39,4.34,1320.4,0.235
265,0,80,125,157,298.71,19.38,4.52,1320.7,0.226
266,0,110,131,169,298.71,19.38,4.52,1320.7,0.226
267,0,109,123,160,283.66,19.44,4.8,1322.8,0.214
268,0,117,124,165,279,19.77,5.17,1339.7,0.208
269,0,120,121,157,250.71,21.39,7.17,1419.4,0.177
270,0,91,114,156,202.96,22.44,8.27,1447.1,0.14
271,0,112,133,170,140.85,25.41,10.72,1642.1,0.086
272,0,120,116,156,140.85,25.41,10.72,1642.1,0.086
273,0,125,121,158,140.85,25.41,10.72,1642.1,0.086
274,0,105,126,172,140.85,25.41,10.72,1642.1,0.086
275,0,100,129,174,140.85,25.41,10.72,1642.1,0.086
276,0,100,128,170,499.64,17.61,4.79,1136,0.44
277,0,101,125,158,336,20.18,5.45,1319.3,0.255
278,0,105,126,168,270,18.8,6.09,1157.7,0.233
279,0,114,132,166,366.86,17.5,3.84,1194.7,0.307
280,0,100,120,163,625.32,26.31,12.61,1534.4,0.408
281,0,100,121,168,304,27.92,13.86,1684.2,0.181
282,0,88,164,192,560.69,26.44,13.19,1537.4,0.365
283,1,123,164,206,97,31.04,15.86,2104.4,0.046
284,0,100,110,151,116,30.84,15.54,2043.6,0.057
285,0,100,125,168,799.95,23.18,10.86,1393.4,0.574
286,1,95,121,168,535.7,26.54,12.92,1557.7,0.344
287,0,148,164,206,486.8,23.71,12.72,1332.6,0.365
288,0,100,126,165,235.13,23.6,10.42,1429,0.165
289,0,80,125,165,259,20.51,8.06,1218.6,0.213
290,0,75,122,161,289.07,24.03,10.87,1423.4,0.203
291,0,100,110,150,548,21.29,9.97,1303.8,0.42
292,1,85,114,163,254,29.61,16.26,1477.6,0.172
293,1,92,110,151,254,29.61,16.26,1477.6,0.172
294,0,110,122,154,347.57,25.91,13.9,1387.7,0.25
295,0,108,114,152,347.57,25.91,13.9,1387.7,0.25
296,0,100,114,153,434.68,24.57,13.17,1348.7,0.322
297,0,96,114,153,369.18,25.36,13.53,1366,0.27
298,0,110,116,153,219.46,26.91,13.7,1445.4,0.152
299,0,115,116,153,315.73,23.24,10.54,1372.9,0.23
300,0,100,123,168,315.73,23.24,10.54,1372.9,0.23
301,0,116,120,153,426.48,23.33,12.42,1343.9,0.317
302,1,98,108,151,134,24.91,10.6,1434.6,0.093
303,0,100,116,152,77,26.4,11.66,1634.9,0.047
304,0,105,126,170,279.03,23.68,10.66,1365.7,0.204
305,0,100,130,172,977.11,19.81,9.13,1278.8,0.764
306,0,90,121,168,NA,NA,NA,1303.6,NA
307,0,105,133,170,NA,NA,NA,1292.8,NA
308,0,80,121,161,373.67,22.99,8.47,1391.1,0.269
309,0,80,121,163,373.67,22.99,8.47,1391.1,0.269
310,0,85,125,163,471.73,23.64,7.09,1579.6,0.299
311,0,80,121,163,339.47,25.7,10.94,1464.8,0.232
312,0,93,164,192,573.57,24.95,7.17,1597,0.359
313,1,90,141,179,675.36,21.23,2.55,1541.6,0.438
314,1,90,114,161,595.97,22.77,5.9,1497.2,0.398
315,0,NA,NA,NA,318.68,27.68,11.87,1600.8,0.199
316,0,85,121,163,219.92,23.96,13.02,1284.8,0.171
317,0,105,116,153,689.81,23.07,11.55,1289.6,0.535
318,0,98,156,192,689.81,23.07,11.55,1289.6,0.535
319,0,93,114,151,689.81,23.07,11.55,1289.6,0.535
320,0,87,116,152,689.81,23.07,11.55,1289.6,0.535
321,0,85,114,153,689.81,23.07,11.55,1289.6,0.535
322,0,98,168,192,689.81,23.07,11.55,1289.6,0.535
323,0,75,126,163,625.71,28.63,11.91,1709,0.366
324,0,80,121,163,654.72,28.92,12.29,1714.1,0.382
325,0,80,121,163,133.28,24.49,14.29,1330.6,0.1
326,0,NA,NA,NA,479.53,26.49,10.21,1628.3,0.294
327,0,98,164,192,472.54,26.5,10.26,1629.8,0.29
328,0,113,156,200,420.64,26.97,11.04,1659,0.254
329,0,138,156,200,132.64,24.53,14.3,1334.8,0.099
330,1,95,120,165,297,21.86,13.78,1041.4,0.285
331,0,85,121,163,258.38,23.9,12.32,1262.5,0.205
332,0,105,122,168,251.4,24.08,12.43,1271.8,0.198
333,0,105,122,168,279.6,24.38,12.53,1291.8,0.216
334,1,100,121,170,279.6,24.38,12.53,1291.8,0.216
335,0,93,164,192,219.55,25.72,11.86,1478.8,0.148
336,0,75,126,165,383.4,26.2,9.91,1676.2,0.229
337,1,85,119,165,383.4,26.2,9.91,1676.2,0.229
338,0,123,156,200,735.93,19.01,3.11,1367.2,0.538
339,0,85,119,166,519.84,21.79,6.82,1426.7,0.364
340,1,85,119,165,576.96,21.72,9.63,1260.2,0.458
341,1,115,129,172,541.07,22.5,11.46,1240.9,0.436
342,0,105,121,165,621.57,24.18,12.19,1329.3,0.468
343,1,101,124,162,386.81,24.82,10.08,1431.3,0.27
344,0,110,125,163,402.4,26.15,10.18,1524.6,0.264
345,1,105,130,175,402.4,26.15,10.18,1524.6,0.264
346,1,75,123,154,518.96,14.01,5.8,766.03,0.677
347,1,90,124,155,518.96,14.01,5.8,766.03,0.677
348,0,113,NA,206,742,17.81,7.03,794.34,0.934
349,0,85,119,161,330.58,23.81,12.85,1628.3,0.203
350,0,119,156,192,330.58,23.81,12.85,1628.3,0.203
351,1,80,121,165,338.15,23.58,12.57,1610.1,0.21
352,1,125,156,200,338.15,23.58,12.57,1610.1,0.21
353,1,85,121,165,358,23.02,12,1578.8,0.227
354,0,117,147,192,119,32.84,21.65,1902.7,0.063
355,0,128,164,192,109,30.71,20.21,1992,0.055
356,0,100,147,192,NA,NA,NA,1884.4,NA
357,0,113,147,192,165.58,29.78,17.46,1828.5,0.091
358,0,85,109,154,165.58,29.78,17.46,1828.5,0.091
359,0,114,147,192,165.58,29.78,17.46,1828.5,0.091
360,0,114,156,192,133,32.88,19.31,2231.4,0.06
361,0,75,122,163,133,32.88,19.31,2231.4,0.06
362,0,115,156,192,93,33.15,20.66,2314.8,0.04
363,0,90,120,165,209.26,28.34,17.24,1902.9,0.11
364,0,135,164,192,209.26,28.34,17.24,1902.9,0.11
365,0,121,156,192,120.69,30.61,19.79,2013.1,0.06
366,0,114,156,192,118,30.62,19.97,2000.3,0.059
367,0,108,156,192,120,30.42,20.13,1954.8,0.061
368,0,118,147,192,90,33.51,21.53,2332.5,0.039
369,0,123,147,192,82,32.68,20.49,2273.9,0.036
370,0,123,164,192,147,29.97,18.89,2002.3,0.073
371,0,90,114,161,120,30.42,20.13,1954.8,0.061
372,0,118,156,192,120,30.42,20.13,1954.8,0.061
373,0,98,173,200,98,30.71,21.04,1900.9,0.052
374,0,119,164,192,122,29.94,20.3,1846.5,0.066
375,0,118,156,192,148.4,29.99,19.25,1955,0.076
376,0,95,114,165,148.4,29.99,19.25,1955,0.076
377,0,110,164,192,148.4,29.99,19.25,1955,0.076
378,0,110,129,168,459,18.79,2.61,1033.1,0.444
379,1,110,128,169,439.24,20.71,7.44,1104.5,0.398
380,0,70,121,161,572.68,14.14,0.58,936.57,0.611
381,0,80,121,161,608.02,14.29,2.08,915.34,0.664
382,0,100,140,179,377,15.27,1.53,951.32,0.396
383,1,105,130,175,441.02,20.18,6.86,1068.3,0.413
384,0,105,138,175,386.09,16.96,3.71,1009.4,0.382
385,0,105,135,179,379.14,15.33,0.78,928.63,0.408
386,0,95,139,175,656,28.8,14.89,1514.5,0.433
387,0,123,NA,215,370,16.46,1.68,985.63,0.375
388,0,95,139,179,354.49,16.09,2.31,980.32,0.362
389,0,105,140,179,284.6,12.36,-1.64,893.19,0.319
390,1,110,130,172,467.32,15.17,-0.72,976.28,0.479
391,0,70,121,165,481.6,12.62,-2.04,912.53,0.528
392,1,95,128,170,746.76,22.98,10.02,1194.3,0.625
393,0,90,135,175,475.2,12.99,0.24,874.2,0.544
394,0,75,121,163,454.87,13.48,-0.25,869.83,0.523
395,0,138,173,200,455.56,14.97,1.51,960.09,0.474
396,0,130,173,200,452.38,12.94,-1.31,907.69,0.498
397,1,100,129,170,809.13,20.49,7.49,1131.1,0.715
398,1,105,129,172,742.79,24.46,11.34,1273.9,0.583
399,1,100,126,170,691.49,20.79,5.62,1141,0.606
400,0,125,134,170,389.97,18.34,4.61,1044.4,0.373
401,0,138,167,200,367.93,10.13,-1.43,846.09,0.435
402,0,100,135,179,384.1,13.31,-4.44,926.83,0.414
403,0,100,140,182,381.76,14.18,0.85,914.75,0.417
404,0,95,140,179,230.99,23.77,7.28,1362.1,0.17
405,0,105,NA,215,230.99,23.77,7.28,1362.1,0.17
406,0,105,121,165,230.99,23.77,7.28,1362.1,0.17
407,0,100,120,168,209.98,23.77,8.07,1415.1,0.148
408,0,105,128,168,134.66,24.68,7.86,1504.2,0.09
409,0,105,128,172,228.44,24.48,8.99,1382.4,0.165
410,0,105,126,172,236.52,22.96,7.46,1347.7,0.175
411,0,100,133,172,227.37,20.77,4.86,1247.6,0.182
412,0,115,128,172,210.42,20.87,3.44,1208.7,0.174
413,0,105,127,172,223.21,22.96,6.89,1303.4,0.171
414,0,115,126,165,223.21,22.96,6.89,1303.4,0.171
415,0,95,119,157,229.33,23.46,7.07,1336,0.172
416,0,100,134,175,207.97,22.46,6.49,1368.9,0.152
417,0,100,125,170,223.61,23.4,7.98,1303.4,0.172
418,0,95,121,165,214.94,23.12,7.32,1329.4,0.162
419,0,95,121,168,213.67,24.83,8.8,1453.8,0.147
420,0,95,118,161,213.67,24.83,8.8,1453.8,0.147
421,0,100,128,175,223.11,23.44,7.96,1302.3,0.171
422,0,105,129,175,228.1,20.34,4.49,1222.9,0.187
423,0,115,128,168,228.1,20.34,4.49,1222.9,0.187
424,0,95,123,165,205,24,8.29,1439.1,0.142
425,0,90,122,165,205,24,8.29,1439.1,0.142
426,0,95,121,165,229.9,24.22,7.68,1408.2,0.163
427,0,90,120,165,228.68,22.85,6.51,1319.4,0.173
428,0,85,126,168,149.31,24.49,7.82,1475.3,0.101
429,0,100,121,165,129.69,22.41,5.59,1421.7,0.091
430,0,100,122,165,119.41,23.51,6.93,1492.7,0.08
431,0,85,122,165,119.41,23.51,6.93,1492.7,0.08
432,0,90,121,163,116.63,24.31,7.97,1547.5,0.075
433,0,100,122,165,119.41,23.94,7.69,1539.6,0.078
434,0,100,121,165,119.41,23.94,7.69,1539.6,0.078
435,0,90,126,168,119.41,23.94,7.69,1539.6,0.078
436,0,90,123,166,113.95,24.92,8.69,1588.2,0.072
437,0,95,121,168,113.95,24.92,8.69,1588.2,0.072
438,0,95,114,163,122.26,26.31,10.34,1675.4,0.073
439,0,NA,NA,NA,113.8,25.93,10.88,1678.3,0.068
440,0,85,123,168,107.05,28.07,11.48,1685,0.064
441,0,95,124,168,235.97,25.77,10.15,1441.3,0.164
442,0,85,122,165,210.97,22.84,6.41,1329.6,0.159
443,0,95,126,168,210.97,22.84,6.41,1329.6,0.159
444,0,95,122,170,210.97,22.84,6.41,1329.6,0.159
445,0,90,126,168,210.97,22.84,6.41,1329.6,0.159
446,0,100,121,168,210.97,22.84,6.41,1329.6,0.159
447,0,95,126,168,210.97,22.84,6.41,1329.6,0.159
448,0,95,121,165,210.97,22.84,6.41,1329.6,0.159
449,0,95,122,165,207.13,22.9,6.57,1330.8,0.156
450,0,95,121,165,207.13,22.9,6.57,1330.8,0.156
451,0,95,121,170,207.13,22.9,6.57,1330.8,0.156
452,0,95,122,170,207.13,22.9,6.57,1330.8,0.156
453,0,105,120,165,219.15,22.25,5.68,1332.4,0.164
454,0,105,120,165,219.44,23.46,6.7,1374.7,0.16
455,0,100,126,170,219.44,23.46,6.7,1374.7,0.16
456,0,95,122,168,219.44,23.46,6.7,1374.7,0.16
457,0,105,122,168,201,25.02,8.97,1480.5,0.136
458,0,95,121,165,231.94,20.85,5.01,1276.4,0.182
459,0,105,128,172,239.12,19.55,3.71,1158.6,0.206
460,0,100,127,170,186.85,23.95,7.52,1409,0.133
461,0,105,126,168,186.85,23.95,7.52,1409,0.133
462,0,100,129,172,186.85,23.95,7.52,1409,0.133
463,0,100,128,168,168.19,23.52,6.95,1402.1,0.12
464,0,100,126,170,126.76,24.27,7.37,1496,0.085
465,0,105,126,168,94,29.48,12.56,1745.1,0.054
466,0,100,127,172,95.15,29.29,12.37,1731.5,0.055
467,1,100,126,168,217.93,25.13,9.57,1395.8,0.156
468,0,105,126,172,217.93,25.13,9.57,1395.8,0.156
469,0,105,122,168,224.71,24.89,9.26,1395.8,0.161
470,0,110,134,175,211.68,22.87,6.84,1361.8,0.155
471,0,95,119,165,211.68,22.87,6.84,1361.8,0.155
472,0,105,120,165,211.68,22.87,6.84,1361.8,0.155
473,0,100,120,166,210.65,24.64,8.71,1457.4,0.145
474,1,85,139,179,210.65,24.64,8.71,1457.4,0.145
475,0,113,NA,215,210.65,24.64,8.71,1457.4,0.145
476,0,110,126,166,1211.4,23.98,9,1296.2,0.935
477,0,95,121,166,172.34,23.39,6.92,1393.8,0.124
478,0,90,126,170,207.75,23,6.62,1338.6,0.155
479,0,95,122,168,189,23.98,7.57,1419.9,0.133
480,0,105,134,172,189,23.98,7.57,1419.9,0.133
481,0,95,121,168,225.09,23.45,7.08,1335.4,0.169
482,0,100,122,168,225.09,23.45,7.08,1335.4,0.169
483,0,95,121,168,225.09,23.45,7.08,1335.4,0.169
484,0,100,120,165,217.53,23.91,7,1353.9,0.161
485,0,100,120,165,219.27,21.87,5.49,1281.8,0.171
486,0,95,114,168,219.27,21.87,5.49,1281.8,0.171
487,0,95,121,168,219.27,21.87,5.49,1281.8,0.171
488,0,95,121,165,225.18,23.12,6.82,1322.2,0.17
489,0,105,125,172,220.47,24.63,8.39,1431.9,0.154
490,0,100,120,172,216.63,24.8,8.68,1449.7,0.149
491,0,70,120,161,201.7,24.86,8.45,1400.5,0.144
492,0,90,121,165,206,23.03,6.66,1338.5,0.154
493,0,85,122,171,149,23.17,6.13,1402.1,0.106
494,0,95,126,170,234.81,26.33,10.66,1461.1,0.161
495,0,80,123,179,195,22.3,8.79,1061.7,0.184
496,0,90,140,180,181.27,18.13,3.84,968.17,0.187
497,0,90,134,176,206,22.47,9.34,1088.6,0.189
498,1,90,127,182,211.07,16.46,4.03,908.1,0.232
499,0,80,127,176,211.07,16.46,4.03,908.1,0.232
500,0,95,139,181,211.47,16.61,3.74,914.44,0.231
501,0,95,133,176,205.33,16.36,2.19,929.27,0.221
502,0,90,132,180,205.33,16.36,2.19,929.27,0.221
503,0,100,134,179,189.65,18.78,0.95,983.7,0.193
504,0,100,128,181,194.79,17.25,0.37,947.97,0.205
505,0,100,128,176,166.71,15.83,2.85,921.39,0.181
506,0,90,134,176,164.94,16.16,4.24,928.11,0.178
507,0,85,137,172,175.1,14.86,-7.4,901.01,0.194
508,0,100,132,168,142,13.47,0.49,896.22,0.158
509,0,90,142,182,263.9,15.98,2.07,940.74,0.281
510,0,90,140,180,270.05,13.21,2.12,889.91,0.303
511,0,100,122,168,121.38,26.71,12.28,1744.2,0.07
512,0,105,121,170,119.11,23.47,6.84,1490.1,0.08
513,0,105,121,170,158.98,23.33,6.73,1404.5,0.113
514,0,105,121,170,199.77,23.02,6.75,1342.8,0.149
515,0,149,173,206,456,5.34,-5.27,575.96,0.792
516,0,128,178,NA,456,5.34,-5.27,575.96,0.792
517,0,105,139,179,382.14,5.93,-4.56,617.01,0.619
518,1,105,140,181,625.84,6.4,NA,533.86,1.172
519,0,130,178,NA,625.84,6.4,NA,533.86,1.172
520,0,138,NA,NA,625.84,6.4,NA,533.86,1.172
521,0,90,125,165,727.57,16.65,6.72,847.38,0.859
522,1,90,164,200,536,8.65,-1.65,723.06,0.741
523,0,85,145,182,536,8.65,-1.65,723.06,0.741
524,1,113,NA,NA,682.97,8.25,0.38,614.79,1.111
525,0,75,138,175,564.79,14.47,5.39,885.43,0.638
526,0,70,124,165,251.37,25.33,11.66,1906.8,0.132
527,1,123,NA,NA,1186.4,14.14,5.05,719.38,1.649
528,0,138,NA,206,1186.4,14.14,5.05,719.38,1.649
529,1,117,125,163,360.94,19.42,6.97,1193.4,0.302
530,0,122,130,164,241.15,18.78,7.01,1167.8,0.206
531,0,140,164,200,346.6,20.75,6.97,1350.1,0.257
532,0,95,120,163,263.82,24.36,10.76,1596.7,0.165
533,0,108,156,192,263.82,24.36,10.76,1596.7,0.165
534,0,85,132,168,271,24.14,10.58,1585,0.171
535,0,110,173,206,271,24.14,10.58,1585,0.171
536,0,80,121,161,521,22.71,10.86,1410.6,0.369
537,0,80,121,165,790.88,21.59,10.83,1235.6,0.64
538,0,80,120,163,301.17,23.78,10.45,1457.3,0.207
539,0,85,120,163,301.17,23.78,10.45,1457.3,0.207
540,0,80,120,161,301.17,23.78,10.45,1457.3,0.207
541,0,75,121,165,342.43,23.98,11.05,1484.5,0.231
542,0,80,120,165,371.23,24.4,11.86,1501.2,0.247
543,0,85,121,165,243.61,25.82,11.31,1603.3,0.152
544,0,81,114,153,243.61,25.82,11.31,1603.3,0.152
545,0,133,164,206,730.2,23.06,12.51,1292.7,0.565
546,0,98,114,151,141,27.51,12.94,1879,0.075
547,0,105,126,172,350,21.94,8.98,1400.6,0.25
548,0,100,134,176,1168.1,17.28,7.47,1039,1.124
549,1,NA,NA,NA,1168.1,17.28,7.47,1039,1.124
550,0,90,130,170,633.77,17.49,5.03,1179.6,0.537
551,0,86,114,153,181,24.99,10.56,1755.2,0.103
552,0,100,122,158,129,25.84,11.45,1868.8,0.069
553,0,80,114,152,138,25.37,10.93,1852.4,0.074
554,0,85,116,152,147,25.41,10.89,1826.8,0.08
555,0,75,121,163,300,26.06,12.19,1599.6,0.188
556,0,80,116,151,300,26.06,12.19,1599.6,0.188
557,0,105,131,175,861.17,22.01,12.18,1223.7,0.704
558,1,110,119,165,484.98,22.87,9.99,1315,0.369
559,0,120,127,170,794.83,21.02,8.25,1265.1,0.628
560,0,115,128,176,246.43,24.19,10.21,1536.9,0.16
561,0,115,130,176,246.43,24.19,10.21,1536.9,0.16
562,0,120,128,170,246.43,24.19,10.21,1536.9,0.16
563,1,115,126,176,246.43,24.19,10.21,1536.9,0.16
564,0,115,128,173,184.62,25.29,11.89,1511.9,0.122
565,1,110,120,166,215.61,24.58,12.92,1421.4,0.152
566,1,105,120,165,240.56,24.36,10.83,1464.3,0.164
567,1,110,121,165,239.35,24,13.15,1361.3,0.176
568,1,110,120,165,239.35,24,13.15,1361.3,0.176
569,0,115,120,165,239.35,24,13.15,1361.3,0.176
570,1,115,119,166,239.35,24,13.15,1361.3,0.176
571,1,115,120,166,239.35,24,13.15,1361.3,0.176
572,1,110,120,168,239.35,24,13.15,1361.3,0.176
573,1,115,114,165,239.35,24,13.15,1361.3,0.176
574,1,115,114,165,239.35,24,13.15,1361.3,0.176
575,1,120,114,161,239.35,24,13.15,1361.3,0.176
576,1,110,119,165,239.35,24,13.15,1361.3,0.176
577,1,110,119,163,239.35,24,13.15,1361.3,0.176
578,1,110,119,165,239.35,24,13.15,1361.3,0.176
579,1,105,120,165,239.35,24,13.15,1361.3,0.176
580,1,105,120,163,239.35,24,13.15,1361.3,0.176
581,1,115,120,165,239.35,24,13.15,1361.3,0.176
582,1,115,120,165,239.35,24,13.15,1361.3,0.176
583,1,110,120,166,239.35,24,13.15,1361.3,0.176
584,1,120,112,165,239.35,24,13.15,1361.3,0.176
585,1,115,120,165,239.35,24,13.15,1361.3,0.176
586,1,115,114,165,239.35,24,13.15,1361.3,0.176
587,1,115,120,165,239.35,24,13.15,1361.3,0.176
588,1,105,120,165,239.35,24,13.15,1361.3,0.176
589,1,105,120,166,240.4,24.24,12.32,1411.8,0.17
590,1,110,120,165,240.4,24.24,12.32,1411.8,0.17
591,1,110,114,165,240.4,24.24,12.32,1411.8,0.17
592,1,105,120,168,240.4,24.24,12.32,1411.8,0.17
593,1,110,114,165,240.4,24.24,12.32,1411.8,0.17
594,1,110,114,166,240.4,24.24,12.32,1411.8,0.17
595,1,110,126,175,250.49,24.09,12.21,1402.9,0.179
596,1,110,120,166,250.49,24.09,12.21,1402.9,0.179
597,0,115,127,176,250.49,24.09,12.21,1402.9,0.179
598,1,115,126,172,237.21,24.35,12.57,1403.6,0.169
599,0,115,133,176,237.21,24.35,12.57,1403.6,0.169
600,1,115,126,173,237.21,24.35,12.57,1403.6,0.169
601,1,115,126,173,237.21,24.35,12.57,1403.6,0.169
602,1,110,120,166,237.14,24.41,12.58,1404.2,0.169
603,0,120,126,170,250.22,23.51,13.85,1270.2,0.197
604,0,115,121,168,250.22,23.51,13.85,1270.2,0.197
605,0,115,130,168,250.22,23.51,13.85,1270.2,0.197
606,1,115,120,168,257,23.54,13.4,1296,0.198
607,1,105,125,173,257,23.54,13.4,1296,0.198
608,1,105,120,166,257,23.54,13.4,1296,0.198
609,1,110,126,173,257,23.54,13.4,1296,0.198
610,1,115,127,176,257,23.54,13.4,1296,0.198
611,1,110,120,166,257,23.54,13.4,1296,0.198
612,1,115,126,170,257,23.54,13.4,1296,0.198
613,1,110,114,165,257,23.54,13.4,1296,0.198
614,1,110,121,165,257,23.54,13.4,1296,0.198
615,1,120,120,168,257,23.54,13.4,1296,0.198
616,1,105,126,168,257,23.54,13.4,1296,0.198
617,1,115,120,168,350.6,23.36,12.99,1286.8,0.272
618,0,85,114,163,392.3,23.68,12.76,1291.5,0.304
619,1,110,120,166,439.34,23.26,12.07,1264.9,0.347
620,0,80,125,168,204.05,25.34,14.45,1506.4,0.135
621,0,100,122,172,204.05,25.34,14.45,1506.4,0.135
622,0,90,121,165,204.05,25.34,14.45,1506.4,0.135
623,0,85,122,165,204.05,25.34,14.45,1506.4,0.135
624,0,90,123,172,204.05,25.34,14.45,1506.4,0.135
625,0,90,121,165,204.05,25.34,14.45,1506.4,0.135
626,0,115,133,176,204.05,25.34,14.45,1506.4,0.135
627,0,95,122,172,204.05,25.34,14.45,1506.4,0.135
628,0,110,134,176,204.05,25.34,14.45,1506.4,0.135
629,1,85,120,163,196,25,11.6,1492.1,0.131
630,1,110,128,172,196,25,11.6,1492.1,0.131
631,1,80,120,163,196,25,11.6,1492.1,0.131
632,0,118,164,192,123.02,26.17,13.79,1605.9,0.077
633,0,98,156,200,123.02,26.17,13.79,1605.9,0.077
634,0,95,156,200,123.02,26.17,13.79,1605.9,0.077
635,0,110,156,200,123.02,26.17,13.79,1605.9,0.077
636,1,65,127,172,123.02,26.17,13.79,1605.9,0.077
637,0,123,164,192,123.02,26.17,13.79,1605.9,0.077
638,0,100,156,192,123.02,26.17,13.79,1605.9,0.077
639,0,98,167,192,170.17,25.4,13.77,1532.3,0.111
640,0,105,167,192,170.17,25.4,13.77,1532.3,0.111
641,0,85,122,168,170.17,25.4,13.77,1532.3,0.111
642,0,140,147,200,170.17,25.4,13.77,1532.3,0.111
643,1,142,147,192,170.17,25.4,13.77,1532.3,0.111
644,0,85,122,170,NA,NA,NA,1540.9,NA
645,1,110,119,163,209.32,24.49,13.84,1385.2,0.151
646,0,133,178,206,229.52,23.91,14,1312.6,0.175
647,0,120,131,172,229.52,23.91,14,1312.6,0.175
648,0,85,120,165,327.56,23.31,13.29,1267.6,0.258
649,0,120,128,170,327.56,23.31,13.29,1267.6,0.258
650,0,90,114,163,327.56,23.31,13.29,1267.6,0.258
651,0,85,114,163,327.56,23.31,13.29,1267.6,0.258
652,0,120,130,172,327.56,23.31,13.29,1267.6,0.258
653,0,138,178,206,487.91,22.82,9.95,1315.2,0.371
654,0,125,178,206,383.45,23.21,9.94,1365.7,0.281
655,1,90,120,161,348.48,23.48,10.17,1386.2,0.251
656,0,128,178,206,495.62,13.11,0.34,856.13,0.579
657,0,133,NA,206,507.27,10.25,-1.5,702.86,0.722
658,0,128,NA,215,507.27,10.25,-1.5,702.86,0.722
659,0,135,178,206,495.79,11.9,0.5,797.23,0.622
660,0,128,178,206,495.79,11.9,0.5,797.23,0.622
661,1,114,NA,NA,583.17,16.7,4.8,1073.9,0.543
662,0,103,178,200,583.17,16.7,4.8,1073.9,0.543
663,1,136,178,200,565.1,9.56,-2.04,644.28,0.877
664,0,128,173,200,627,10.5,-1.03,671.17,0.934
665,1,138,178,206,627,10.5,-1.03,671.17,0.934
666,1,100,133,175,633.93,9.44,-1.64,676.32,0.937
667,1,100,133,170,473.82,16.32,4.91,935.13,0.507
668,1,90,134,175,583.89,12.82,2.03,772.06,0.756
669,1,123,178,206,620.43,11.18,0.28,714.08,0.869
670,1,105,134,175,570.67,12.8,1.84,770.02,0.741
671,1,128,NA,215,438.67,15.31,3,863.96,0.508
672,0,110,134,170,686.19,11.82,0.42,773.27,0.887
673,0,100,134,172,571,14.15,2.04,860.84,0.663
674,0,90,140,178,584.26,16.69,4.81,1072,0.545
675,0,90,135,175,600.81,14.97,3.65,993.77,0.605
676,0,90,135,178,570.64,14.64,3.3,978.25,0.583
677,1,100,134,175,582.55,13.34,1.35,894.11,0.652
678,0,128,178,200,442.06,11.93,0.8,816.37,0.541
679,1,100,139,178,456,12.07,0.48,826.58,0.552
680,0,108,178,215,456,12.07,0.48,826.58,0.552
681,1,100,134,175,760.87,16.08,5.16,1000.5,0.76
682,0,90,135,172,410,13.86,1.34,823.71,0.498
683,1,133,173,200,558.41,10.02,-1.68,669.56,0.834
684,1,135,178,200,443,11.88,-0.01,808.93,0.548
685,1,123,NA,206,443,11.88,-0.01,808.93,0.548
686,0,130,NA,NA,572.26,9.45,-2.11,653.36,0.876
687,0,143,156,200,706.58,20.16,8.21,1216.6,0.581
688,0,105,133,178,742.37,19.37,7.86,1178.2,0.63
689,0,105,133,175,534.49,22.54,11.01,1323.6,0.404
690,0,103,178,206,588.95,20.88,8.53,1199.9,0.491
691,1,115,134,172,588.95,20.88,8.53,1199.9,0.491
692,0,123,173,206,624.69,20,8.11,1056.9,0.591
693,0,110,178,206,626.77,21.06,9.15,1093.9,0.573
694,1,120,134,179,694.53,18.35,9.26,1005.1,0.691
695,0,133,NA,206,715.66,17.63,7.59,961.03,0.745
696,0,130,NA,206,715.66,17.63,7.59,961.03,0.745
697,1,110,137,179,617.51,17.43,7.39,849.09,0.727
698,1,110,134,180,1004.8,16.94,7.63,787.69,1.276
699,0,128,NA,206,389.53,18.45,6.24,999.18,0.39
700,1,110,137,176,389.53,18.45,6.24,999.18,0.39
701,0,100,121,165,550.39,17.04,7.48,871.76,0.631
702,0,138,178,206,734.91,15.08,7.24,772.29,0.952
703,1,110,137,179,734.91,15.08,7.24,772.29,0.952
704,0,95,135,179,855.99,13.98,2.66,861.05,0.994
705,1,100,134,179,462.63,13.99,2.41,842.94,0.549
706,0,133,NA,206,739.53,14.21,2.64,843.28,0.877
707,0,130,178,206,829.31,11.73,0.74,740.16,1.12
708,1,135,178,200,656.52,14.82,3.85,943.87,0.696
709,0,108,178,206,454.73,14.34,2.5,848.32,0.536
710,0,145,178,206,454.73,14.34,2.5,848.32,0.536
711,0,105,178,206,454.73,14.34,2.5,848.32,0.536
712,0,113,NA,206,648.03,12.25,0.84,781.39,0.829
713,0,123,178,206,648.03,12.25,0.84,781.39,0.829
714,0,128,178,206,646,13.71,2.03,818.02,0.79
715,1,100,139,182,849.12,10.78,0.01,749.77,1.133
716,0,105,135,175,780.23,14.52,2.98,875.93,0.891
717,1,105,134,182,417.67,13.27,1.55,829.97,0.503
718,1,105,133,170,437.13,11.96,0.75,814.11,0.537
719,0,90,178,206,439.83,11.74,0.66,813.76,0.54
720,0,103,NA,206,439.83,11.74,0.66,813.76,0.54
721,1,95,134,176,553.27,12.8,1.69,789.49,0.701
722,0,128,167,200,587,10.32,-0.82,696.07,0.843
723,1,125,178,206,569.68,10.63,-0.55,737.74,0.772
724,1,140,178,206,457.61,11.44,-0.36,788.49,0.58
725,0,135,147,192,666.23,12.42,1.2,742.88,0.897
726,0,138,178,206,608.71,21.41,9.42,1298.8,0.469
727,1,125,125,162,787.76,17.05,7.98,806.35,0.977
728,1,107,127,162,595.88,16.9,7.25,875.92,0.68
729,1,90,131,175,439,14,6.8,716.89,0.612
730,0,158,178,200,502,12.6,4.03,740.91,0.678
731,0,105,137,180,457,13.31,4.79,752.06,0.608
732,0,70,122,165,443.5,24.28,9.31,1600.5,0.277
